{"cameraMode":{"drawMode":0,"name":"Shaded","section":"Shading Mode"},"sceneLighting":true,"audioPlay":false,"sceneViewState":{"showFog":true,"showMaterialUpdate":false,"showSkybox":true,"showFlares":true,"showImageEffects":true,"showParticleSystems":true,"showVisualEffectGraphs":true,"m_FxEnabled":true},"in2DMode":false,"pivot":{"x":-13.826292037963868,"y":-19.261295318603517,"z":57.89959716796875},"rotation":{"x":-0.23931938409805299,"y":0.034049030393362048,"z":-0.008495195768773556,"w":-0.970331609249115},"size":54.45056915283203,"orthographic":false}