{"cameraMode":{"drawMode":0,"name":"Shaded","section":"Shading Mode"},"sceneLighting":true,"audioPlay":false,"sceneViewState":{"showFog":true,"showMaterialUpdate":false,"showSkybox":true,"showFlares":true,"showImageEffects":true,"showParticleSystems":true,"showVisualEffectGraphs":true,"m_FxEnabled":true},"in2DMode":false,"pivot":{"x":1.9846514463424683,"y":1.0799140930175782,"z":10.051735877990723},"rotation":{"x":-0.016808021813631059,"y":-0.005402976181358099,"z":0.00009008657798403874,"w":-0.9998409748077393},"size":10.533035278320313,"orthographic":false}