{"cameraMode":{"drawMode":0,"name":"Shaded","section":"Shading Mode"},"sceneLighting":true,"audioPlay":false,"sceneViewState":{"showFog":true,"showMaterialUpdate":false,"showSkybox":true,"showFlares":true,"showImageEffects":true,"showParticleSystems":true,"showVisualEffectGraphs":true,"m_FxEnabled":true},"in2DMode":false,"pivot":{"x":-0.3373606204986572,"y":0.9902371168136597,"z":0.9896788597106934},"rotation":{"x":0.004190899897366762,"y":0.0035961794201284649,"z":0.000014654985534434672,"w":-0.9999812841415405},"size":3.574456214904785,"orthographic":false}